Energe/kal,Protain/g,Suger/g,Fat/g,Water/g,Fiber/g,Ash/g,VA/mcg,Carotene/mcg,Retinol/mcg,VB1/mg,VB2/mg,VB3/mg,VC/mg,VE/mg,K/mg,Na/mg,Ca/mg,Mg/mg,Fe/mg,Mn/mg,Zn/mg,Cu/mg,P/mg,Se/mcg,tag
231,51.7,0,2.7,11.5,39.6,2.6,0,0,0,0.01,0.1,0,0,7.9,0.6,0.6,88,0,0.4,10.81,0.23,0.63,1,0.8,2
48,0.9,10.9,0.1,86.4,1.3,0.4,0,20,3,0.01,0.03,0.7,7,1.54,166,5.7,6,7,0.8,0.07,0.34,0.05,20,0.24,2
46,1.1,9.9,0.2,88,0.3,0.5,0,210,35,0.02,0.02,0.6,10,2.22,232,8,11,12,0.4,0.07,0.23,0.1,27,0.21,2
32,1.3,5.7,0.4,88.8,3.2,0.6,0,1390,232,0.03,0.06,0.8,144,0.44,222,2.6,37,16,1.4,0.18,0.3,0.11,95,1.9,2
23,1.4,3.7,0.3,91.9,2.1,0.6,0,340,57,0.03,0.04,0.5,62,0.88,209,2.2,15,15,0.7,0.14,0.22,0.11,3,0.62,2
24,1.6,3.5,0.4,92.7,1.4,0.4,0,840,140,0.05,0.06,0.4,21,0.59,143,10.4,72,18,1.3,0.16,0.35,0.06,26,1.06,2
24,0.4,5.7,0,93,0.5,0.4,0,100,17,0.05,0.08,0.7,17,0,182,1.6,12,10,0.4,0,0.26,0.08,13,0.37,2
24,2,3.1,0.4,91.5,1.6,1.4,0,310,52,0.03,0.11,0.5,31,0.74,281,30.5,230,24,3.2,0.42,0.7,0.08,47,0.7,2
24,2.5,2.6,0.4,91.2,1.6,1.7,0,2410,402,0.06,0.09,0.8,26,0.94,149,186.3,154,46,1.2,0.1,0.73,0.04,23,0.77,2
26,2.4,3.2,0.4,91.8,1.4,0.8,0,1410,235,0.02,0.09,0.8,24,0.96,247,8.1,42,25,1.6,0.21,0.43,0.08,38,1.38,2
27,0.4,6.2,0.1,92.2,0.8,0.3,0,870,145,0.01,0.02,0.3,43,0.3,18,28,17,9,0.2,0.05,0.25,0.03,12,1.8,2
28,0.8,5.7,0.2,92,1,0.3,0,40,7,0.01,0.05,0.3,9,0.81,149,0.7,14,10,1,0.72,0.14,0.02,8,0.31,2
31,1.6,5.6,0.2,87.6,4.3,0.7,0,0,0,0.13,0.06,0,35,0,226,6.5,0,16,0.4,0.6,0.32,0.04,0,0.64,2
31,1.8,5,0.4,90.5,1.2,1.1,0,1160,193,0.04,0.14,2.2,48,0.8,272,48.5,101,33,2.9,0.28,0.45,0.21,49,0.53,2
31,2.1,4.9,0.3,90.6,0,2.1,0,0,0,0.03,0.05,1.4,0,0,351,262.1,17,13,6,2.97,1.25,0.04,96,2.43,2
35,3.1,5.3,0.2,89,1.8,0.6,0,220,37,0.05,0.07,1,15,0.31,209,5.9,48,28,3.2,0.45,0.84,0.09,57,0.88,2
36,0.9,7.8,0.1,89.4,1.3,0.5,0,450,75,0.02,0.03,0.6,4,0.95,226,2.3,14,11,0.6,0.06,0.2,0.11,15,0.2,2
39,1.1,8.1,0.2,89.2,0.9,0.5,0,20,3,0.03,0.03,0.3,8,0.14,147,4.4,24,15,0.6,0.14,0.23,0.05,39,0.92,2
41,1.1,8.3,0.4,83.9,5.9,0.4,0,0,53,0.02,0.05,0.3,68,0,235,3.3,13,10,0.2,0.11,0.21,0.08,16,1.62,2
41,1.3,7.6,0.6,87,2.7,0.8,0,170,28,0,0.03,0.8,4,0,295,14.9,27,44,1.4,3.2,0.34,0.14,25,0.56,2
51,3.2,8.6,0.4,65.3,1.8,20.7,0,0,0,0.03,0.06,0.8,0,0,170,6060.6,257,77,7.5,0.52,0.65,0.11,44,1.8,2
55,1,12.3,0.2,84.7,1.4,0.4,0,370,62,0.04,0.03,0.3,35,1.58,144,3,56,20,1,0.25,0.21,0.07,20,0.62,2
70,0.9,16.1,0.2,81.9,0.5,0.4,0,10,2,0.1,0.04,1.1,41,0,151,1.7,2,12,0.4,0.09,0.17,0.16,24,0.14,2
71,12.2,2.3,1.4,82.7,0,1.4,0,0,0,0,0.06,0.9,0.55,0.55,76,280.1,49,59,7.3,0.71,1.64,0.13,111,86.3,2
72,14.5,0,1.6,83.4,0,0.6,2,0,2,0.03,0.13,2.5,0,0.51,162,60.6,40,17,1.8,0.21,2.31,0.07,104,9.07,2
80,11.4,4.7,1.7,79.9,0,2.3,73,0,73,0.12,0.22,1.8,14.02,9.67,157,451.4,63,56,6.7,0.41,2.47,0.13,197,57.77,2
87,12.2,1.8,3.4,81.7,0,0.9,23,0,23,0.03,0.17,1.8,0,0.33,101,66,38,16,1.4,0.6,2.61,0.1,133,9.68,2
89,18,1.2,1.4,78,0,1.4,50,0,50,0.06,0.98,3.7,0,1.34,263,70.2,42,18,2.5,2.22,1.97,0.05,206,34.56,2
90,16.7,0.1,2.5,79.2,0,1.5,152,0,152,0.3,1.78,8.8,0,0,255,195.2,9,17,5.2,0.13,3.58,0.47,239,5.94,2
99,25.1,0.2,2.6,77,0,1.6,206,0,206,0.08,0,0,0,3.55,688,110,34,45,0,0.07,4.3,0.18,374,20.4,2
100,15.3,4.7,2.2,76.5,0,1.3,34,0,34,0.04,0.11,2.8,0,2.65,229,60.6,82,26,0.8,0.08,0.76,0.07,180,19.47,2
102,17.8,0,3.6,77.8,0,1.2,20,0,20,0.03,0.07,2.5,0,1.23,277,57.5,53,23,1.4,0.09,1.17,0.06,190,15.68,2
102,17.3,0,3.7,78,0,1.1,0,0,0,0.03,0.1,2.5,0,0.54,351,49.6,42,22,2.1,0.03,0.53,0.09,195,27.49,2
104,1.4,24.2,0.2,72.6,1,0.6,0,220,37,0.07,0.04,0.6,24,0.43,174,58.2,24,17,0.8,0.21,0.22,0.16,46,0.63,2
110,25.1,0.7,5.1,78.2,0,0.8,3,0,3,0.07,0.16,3.7,0,0.32,171,75.1,11,12,2.4,0.12,1.92,0.1,124,12.76,2
112,16.6,0,5.2,77.3,0,1.1,11,0,11,0.04,0.11,2.8,0,2.03,312,46,38,31,0.8,0.05,0.87,0.05,203,6.66,2
113,13.8,2,5.5,77.7,0,1,16,0,16,0.28,0.4,5.6,0,1.75,200,100.8,10,17,4,0.04,2.09,0.26,172,16.7,2
116,16.8,1.8,4.6,76,0,0.08,157,0,157,0.34,0.2,3.5,0,1.4,140,47.4,52,14,2.9,0.13,3.18,0.14,107,14.75,2
122,25.1,28.6,0.3,67.4,1.9,0.7,0,240,40,0.06,0.09,0.9,243,0.78,375,1.2,22,25,1.2,0.32,1.52,0.06,23,0.8,2
126,4.5,26.5,0.2,66.6,1.1,1.1,0,30,5,0.04,0.06,0.6,7,1.07,302,19.6,39,21,1.2,0.28,0.88,0.22,117,3.09,2
127,17.7,3.1,4.9,73.3,0,1,29,0,29,0.02,0.06,2.8,0,0.82,280,150.1,28,43,1.2,0.17,0.7,0.08,191,36.57,2
129,25.1,5,3.5,70.7,0,1.5,4972,0,4972,0.21,2.08,15,20,0.86,235,68.6,6,24,22.6,0.26,5.78,0.65,310,19.21,2
135,18.3,1.2,6.3,73.1,0,1.1,28,0,28,0.02,0.07,1.7,0,0.52,215,41.1,89,17,0.7,0.05,0.89,0.07,188,11.59,2
142,11.3,0.1,10.7,76.3,0,1.6,0,0,0,0.17,0.27,3.5,0,0,146,151.8,61,15,0,0,1.24,0,356,38.12,2
143,29.7,4.3,0.8,60.4,0,4.8,0,0,0,0,0,0,0,0.57,152,698.1,51,184,6.8,0.16,5.28,0.11,48,15.09,2
149,12.5,0.1,11,75.1,0,1.3,0,0,0,0.15,0.25,4,0,0,300,185.6,583,20,4.7,0.08,4.69,0.28,435,20.34,2
169,10.9,18.6,5.7,12.7,43.3,8.8,0,0,0,0,0.31,0,0,3.65,87,7.5,75,0,0.5,36,4.99,0.62,8,12.6,2
185,4.2,40.5,0.7,52,1.7,0.9,0,190,32,0.14,0.17,0.8,24,4.56,442,13.9,17,50,1.1,1.53,0.57,0.4,89,1.13,2
195,3.8,32.4,5.6,11.8,43,3.4,0,40,7,0.12,0.28,0.9,0,1.11,202,14.7,41,68,6.3,7.42,0.62,0.63,64,3.08,2
196,11.1,2.8,15.6,69.3,0,1.2,192,0,192,0.08,0.3,0.4,0,4.5,74,90.6,34,12,4.1,0.04,1.43,0.09,130,27.24,2
208,8.1,40.4,1.5,13.3,28.6,8.1,0,0,0,0.02,0.11,2.3,0,0.42,21.6,21.6,80,232,0.6,22.96,6.07,1.29,67,4.2,2
220,4.6,39.4,4.9,12,23.9,15.2,0,852000,142000,0.09,0.39,3.9,0,3.38,54,36,312,178,29.1,2.88,2.15,2.31,101,12.31,2
230,21.5,6.7,13,57.5,0,1.3,0,0,0,0.07,2.23,2.2,0,9.89,272,140.2,81,103,2.6,0.64,6.17,0.53,207,11.1,2
238,0,0,0,0,0,0,0,0,0,0,0,0,0,0,0,0,0,0,0,0,0,0.03,0,0,2
251,14.5,21.6,11.8,8.9,33.9,9.3,0,320,53,0.04,0.36,7.1,0,0.7,1104,79.6,751,336,0.9,3.14,3.46,1.76,336,1.98,2
258,6.7,37.8,8.9,11,28.7,6.9,0,140,23,0.12,0.43,1.6,0,2.47,204,47.4,639,111,8.4,3.33,1.9,1.02,69,1.96,2
262,50.2,4.5,4.8,18.9,0,21.6,39,0,39,0.04,0.13,1.3,0,0,356,4967.8,0,1047,9,0.43,2.24,0.27,94,150,2
273,5,62.8,0.2,26.9,2,3.1,0,0,0,0,0.39,1.3,12,0,1348,3.3,38,81,0.7,0.3,0.55,1.28,206,12.4,2
273,9.1,46.3,5.7,14.9,17.7,6.3,0,0,0,0,0.1,0,0,0.01,0,9.9,62,0,0,10.65,2.3,0.96,22,3.1,2
277,23.8,0,20.2,59.6,0,0.4,0,0,0,0,0,0,0,0,0,0,0,0,0,0,0,0,0,0,2
278,8,58.3,1.4,8.3,20.7,3.3,0,2100,350,0,0.44,2.1,7,6.73,186,21,82,113,9.3,0.74,1,0.81,85,4.4,2
324,8.9,68.8,1.5,11.9,5.3,3.6,0,0,0,0.35,0.54,1,1,1.93,100,27.4,3,19,4.4,0.73,0.8,0.63,118,3.4,2
330,16,4.9,27.4,47.9,0,3.8,46,0,46,0.28,0.09,8.6,0,0.8,220,1086.7,3,20,2.2,0.04,2.16,0.08,90,2.95,2
342,9.7,72.5,1.5,11.1,4.4,0.8,0,0,0,0.09,0.13,1.3,0,4.61,0,3.3,0,0,0,0.23,2.07,0.41,0,0,2
343,8.3,73.7,1.7,13.8,1.4,1.1,0,0,0,0.31,0.12,4.2,0,1.36,219,4,13,16,3.9,2.37,2.16,0.29,183,2.88,2
348,7.3,77.5,1,12.6,0.8,0.8,0,0,0,0.11,0.04,2.3,0,1.29,137,1.5,26,49,1.4,1.54,1.54,0.25,113,2.71,2
351,10.4,70.4,3.1,10.3,4.3,1.5,0,0,0,0.29,0.1,1.6,0,1.88,281,6.3,22,129,6.3,1.22,1.64,0.33,329,2.83,2
359,0.3,50.7,17.2,9.1,16.7,6,0,0,0,0,0.07,0,0,4.27,47,122.1,137,0,0.2,0,1.01,0.76,10,12.6,2
389,0.7,96.6,0,1.9,0,0.8,0,0,0,0.01,0,0.3,0,0,240,18.3,157,54,2.2,0.27,0.35,0.15,11,4.2,2
476,23.6,28.1,29.9,7.2,7.2,4,0,190,32,0.17,0.38,4.83,0,9.83,366,7.8,656,321,17.2,3.05,3.62,0.63,530,69.01,2
627,14.9,9.6,58.8,5.2,9.5,2,0,30,5,0.15,0.14,0.9,1,43.21,385,6.4,56,131,2.7,3.44,2.17,1.17,294,4.62,2
698,13.4,2.2,70.6,0.8,10,3,0,10,2,0.19,0.25,4,0,32.79,502,10.1,78,116,4.3,6.01,4.61,0.95,569,0.74,2
898,25.1,0.2,99.7,0.1,0,0,0,0,0,0,0,0,0,68.53,0,1.1,9,3,2.2,0.76,0.17,0.05,4,8.41,2
899,0,0,99.9,0.1,0,0,0,0,0,0,0,0,0,93.08,3,4.9,13,3,2,0.43,1.09,0.16,7,3.32,2
899,0,0,99.9,0.1,0,0.1,0,0,0,0,0,0,0,42.06,1,3.5,12,2,2.9,0.33,8.48,0.15,15,2.29,2
899,0,0,99.9,0.1,0,0,0,0,0,0,0,0,0,27.9,2,0.7,5,2,1.1,1.17,0.34,0.03,8,2.8,2
899,0,0.1,99.8,0.1,0,0,0,0,0,0,0,0,0,86.45,1,4.5,17,1,2,0,0.74,0.08,16,1.35,2
121,16.6,2.8,4.8,74.4,0,1,10414,0,10414,0.33,1.1,11.9,0,1.88,222,92,7,16,12,0.24,2.4,0.32,263,38.55,2
35,1.1,4.9,1.2,91,1.3,0.5,0,0,0,0.05,0.02,0.6,22,1.14,209,1.1,101,37,0.8,0.05,0.65,0.14,22,0.5,2
95,0.5,22,0.6,73,3.1,0.8,0,100,17,0.02,0.02,0.4,53,7.32,299,5.4,52,19,0.9,0.24,0.28,0.11,24,1.22,2
720,2.5,0.7,78.6,18,0,0.2,1042,0,1042,0,0.05,0.1,0,66.01,2,29.6,1,0,0.7,0,0.12,0,0,1.8,1
597,23.9,13,49.9,2.4,6.1,4.7,0,30,5,0.36,0.2,4.8,0,34.53,562,5.5,72,264,5.7,1.95,6.03,2.51,238,1.21,1
566,33.2,0,48.1,9.2,4.9,4.6,0,0,0,0.23,0.09,1.8,0,13.25,102,20.6,16,2,1.5,0.64,2.57,1.11,1159,2.78,1
531,25.1,10,46.1,5.7,14,5.1,0,0,0,0.66,0.25,5.9,0,50.4,358,8.3,780,290,22.7,17.85,6.13,1.77,516,4.7,1
514,24.7,2.9,44.8,5.6,19.2,2.8,0,0,0,0.08,1.25,0,26,18.53,106,7.1,71,0,1.3,0.61,3.64,0.81,27,15.65,1
483,25.1,0,42.7,4.9,24,3.7,0,0,0,0.08,0.71,0,0,28.67,5.2,5.2,111,0,0.5,1.27,2.96,0.47,32,1.28,1
400,0,99.9,0,0,0,0.1,0,0,0,0,0,0,0,0,5,0.4,20,3,0.6,0.09,0.06,0.04,8,0,1
397,0,99.3,0,0.6,0,0.1,0,0,0,0.03,0.03,0,0,0,1,2.7,23,2,1.4,0,0.21,0.03,0,0,1
395,25.1,2.4,37,46.8,0,0.6,114,0,0,0.22,0.16,3.5,0,0.49,204,59.4,6,16,1.6,0.03,2.06,0.06,162,11.97,1
381,36.1,23.3,15.9,9.9,10.2,4.6,0,30,5,0.2,0.33,2,0,17.36,1377,3,224,243,7,2.83,4.18,1.56,500,6.79,1
359,35.1,18.6,16,10.2,15.5,4.6,0,220,37,0.41,0.2,2.1,0,18.9,1503,2.2,191,199,8.2,2.26,3.34,1.35,465,6.16,1
355,13.2,72.6,1.3,9.9,0,3,0,0,0,0,0,0,0,0.73,17,17.5,54,0,0.2,2.03,0.69,0.45,23,14.5,1
348,8,77.7,0.6,13.2,0,0.5,0,0,0,0.22,0.05,2.6,0,0.53,78,0.9,3,20,0.4,0.77,0.89,0.28,99,6.4,1
333,9.4,68.3,2.5,14.3,3.9,1.6,0,0,0,0.33,0.13,7.9,0,0.22,256,7.1,12,147,1.6,1.72,3.8,0.09,356,3.2,1
328,25.7,3.5,23.5,43.5,0,3.8,152,0,152,0.06,0.91,0.6,0,0.6,75,584.6,799,57,2.4,0.13,6.97,0.13,326,1.5,1
326,25.3,55.4,0.4,9.9,6.5,2.5,0,30,5,0.26,0.45,2.6,0,1.86,439,2.3,137,92,19.2,1.19,1.9,1.27,218,32,1
321,0.4,75.6,1.9,22,0,0.1,0,0,0,0,0.05,0.1,3,0,28,0.3,4,2,1,0.07,0.37,0.03,3,0.15,1
320,18.6,59,1.1,12,6.6,2.7,0,0,0,0.15,0.18,2.1,0,12.29,525,86.5,60,171,5.5,2.14,4.7,0.86,310,2.89,1
309,20.2,55.7,0.6,12.6,7.7,3.2,0,80,13,0.16,0.11,2,0,14.36,860,2.2,74,138,7.4,1.33,2.2,0.64,305,3.8,1
298,10.2,61.6,1.2,12.1,13.4,1.5,0,0,0,0.32,0.21,3.6,0,1.25,0,0,0,0,0,0,0,0,0,0,1
298,12.1,5.2,25.4,48.3,7.7,1.3,0,10,2,0,0.04,14.1,14,2.93,390,3.7,8,110,3.4,0.65,1.79,0.68,250,4.5,1
288,11.4,51.9,3.9,18.8,7.9,6.1,0,0,0,0.12,0.22,3.5,0,0,100,98.5,59,59.8,11.4,0.77,0.31,0.06,28,0.05,1
268,40.1,26.5,0.2,0.2,0,33,0,0,5,0.08,0,0.3,0,0,4,21053,100,7,1.2,0.67,0.31,0.12,4,0.98,1
264,55.6,5.1,2.4,27.4,0,9.5,11,0,11,0,0.21,2.5,1.53,1.53,969,306.4,77,106,5.6,0.43,5.05,0.1,504,76.35,1
245,17.9,0,19.9,62.9,0,0.8,42,0,42,0.07,0.23,4.9,0,0.22,232,58.8,4,18,3.8,0.04,1.36,0.43,144,17.68,1
244,24.1,36.8,0,22.7,5.9,10.5,0,0,0,0.02,0.09,0.6,0,40.69,715,263.8,29,202,3.7,3.17,2.37,1.04,43,4.55,1
219,6.8,42.7,2.3,11.7,33.9,2.6,0,0,0,0.07,0.54,2.3,4,7.12,19.3,19.3,33,137,0.5,0.35,7.65,1.17,16,1.57,1
205,12.1,35.7,1.5,15.5,29.9,5.3,0,100,17,0.01,0.44,2.5,0,11.34,757,48.5,247,152,97.4,8.86,3.18,0.32,292,3.72,1
203,4.9,36.3,4.2,9.9,38.7,6,0,0,0,0.07,0.43,1,1,2.32,28,154.7,832,337,21.2,1.51,5.88,1.14,38,4.72,1
201,16.5,1.7,14.2,66.6,0,1,53,0,53,0.06,0.2,6.9,0,0.99,334,63.6,30,9,3.8,0.05,0.82,0.24,136,11.08,1
200,25.1,42.4,0.8,30.5,18.4,2,0,0,0,0,0,0,0,0,0,0,0,0,0,0,0,0,0,0,1
200,10,36.9,1.4,14.6,30.4,6.7,0,50,8,0.05,0.25,5.3,0,1.26,1588,82.1,36,54,4.1,0.17,3.03,0.08,369,2.59,1
189,10.5,25.5,5,12.7,37.6,8.7,0,600,100,0.05,0.54,3.5,1,0,47,45.9,436,234,7.4,38.6,2.12,2.22,183,1.1,1
181,18.6,2.3,10.8,67.1,0,1.2,0,0,0,0.02,0.02,3.8,0,3.6,207,58.8,42,34,1.5,0,1.15,0.18,248,33.66,1
177,26.2,7.5,4.7,48.4,0,13.2,0,0,0,0.03,1.09,1.7,0,7.59,150,115.7,120,36,30.8,1.94,26.71,14,241,6.5,1
171,21.4,2.2,8.5,66.8,0,1.1,0,0,0,0,0,0,0,0,0,0,0,0,0,0,0,0,0,0,1
162,3.2,37.1,0.1,56.7,1.7,1.2,0,0,0,0.02,0.04,0.7,18,0,510,6.7,11,0,1,0.35,0.5,0.24,61,0.2,1
160,12.8,2.1,11.1,73,0,1,337,0,337,0.11,0.49,0.1,0,3.08,138,106.6,47,11,3.2,0.04,0.61,0.09,180,25.48,1
159,20.7,0,8.5,71.9,0,1.2,0,0,0,0,0.02,0,0,1.83,246,47.8,39,28,1.3,0.02,1.12,0.07,203,35.65,1
146,15.4,3.1,8,72.6,0,0.9,8,0,8,0.05,0.11,4.3,0,0.09,78,45.5,18,20,0.6,0.02,0.86,0.04,129,34.2,1
142,18.5,0,7.8,72.8,0,1.4,24,0,24,0.04,0.07,2.1,0,1.26,328,62.5,46,39,1.1,0.07,0.8,0.14,155,27.21,1
139,19.8,6.2,3.9,68.7,0,1.4,20220,0,20220,0.16,1.3,11.9,9,0.13,185,45,4,22,6.6,0.37,5.01,1.34,252,11.99,1
138,12.7,1.5,9,75.8,0,1,310,0,310,0.09,0.31,0.2,0,1.23,98,94.7,48,14,2,0.03,1,0.06,176,16.55,1
131,17.2,0,6.9,79.1,0,1,10,0,10,0.03,0.14,6.7,0,2.81,200,71.8,8,12,2.4,0.01,1.11,0.12,80,19.24,1
124,17.8,7.1,2.7,71.6,0,0.8,0,0,0,0.01,0.06,3.7,0,1.48,202,250.4,59,19,6.4,0.1,1.48,0.08,166,16.09,1
119,25.1,1.1,5.3,76,0,1,13,0,13,0.19,0.48,6.8,4,0.74,260,71.2,12,17,4.3,0.05,1.9,0.37,189,14.94,1
119,17.2,0,5.6,76.2,0,2.6,0,0,0,0.03,0.05,0.2,0,1.86,246,8.6,46,25,0.9,0.07,0.16,0,22,9.54,1
118,25.1,0,4.8,75.3,0,1.1,0,0,0,0.02,0.13,2.3,0,3.34,245,71.4,19,25,0.5,0.02,0.82,0.03,183,16.8,1
118,17.8,2.1,4.3,75,0,0.8,139,0,139,0.07,0.14,3.3,0,1.88,196,96.9,70,15,2.8,0.05,2.31,0.12,114,15.19,1
117,19.9,0,4.2,74.5,0,1.5,12,0,12,0.02,0.07,5.9,0,0.87,295,68.6,63,32,1,0.03,1.07,0.1,217,26.5,1
117,19.9,0,4.2,74.5,0,1.5,12,0,12,0.02,0.07,5.9,0,0.87,295,68.6,63,32,1,0.03,1.07,0.1,217,26.5,1
116,21.5,0.4,3.2,73.8,0,1.1,72,0,72,0.03,0.16,2.5,0,2.76,325,46.9,2,7,4.3,0,4.26,0.23,178,6.1,1
116,20.1,0.2,4.2,73.9,0,2.4,42,0,42,0.03,0.07,2.9,0,0.81,325,47.4,31,32,0.9,0.04,0.96,0.06,184,37.69,1
111,22.3,0.3,2.3,73.9,0,1.2,0,0,0,0.02,0.2,7.1,0,1.77,323,64,17,51,2.3,0.05,1.6,0.26,210,7.73,1
110,20.2,0.2,3.1,75.1,0,1.4,40,0,40,0.04,0.32,6.3,0,0.44,204,48.4,48,20,2.3,0.08,1.19,0.1,179,11.67,1
110,22.2,0,3.2,75.1,0,1.3,21,0,21,0.01,0.05,3.1,0,0.58,285,102.2,41,30,0.9,0.03,0.73,0.06,212,57.02,1
109,17.6,0.5,4.1,76.7,0,1.1,25,0,25,0.03,0.09,2.7,0,1.27,334,53.7,50,33,1,0.05,2.08,0.06,204,15.38,1
108,17.1,3.8,2.7,75.4,0,1,17,0,17,0.04,0.09,2.5,0,0.68,290,41.2,79,41,1.3,0.06,1.94,0.08,193,14.31,1
106,25.1,19.9,1.2,71.3,2.9,0.7,0,0,0,0.16,0.11,1.8,0,0.46,238,1.1,0,32,1.1,0.22,0.9,0.09,117,1.63,1
106,20.2,1.2,2.3,75.2,0,1.1,6,0,6,0.07,0.13,6.3,0,0.35,284,53.6,9,21,2.8,0.04,3.71,0.16,172,10.55,1
104,8.8,16.4,0.4,70.2,3.1,1.1,0,310,52,0.37,0.1,1.5,16,0.83,391,4,16,46,3.5,0.55,1.37,0.39,200,2.02,1
104,1.4,24.2,0.2,72.6,1,0.6,0,220,37,0.07,0.04,0.6,24,0.43,174,58.2,24,17,0.8,0.21,0.22,0.16,46,0.63,1
103,0.2,24.9,0.3,73.2,0.8,0.6,0,0,0,0.06,0.05,0.7,9,0.52,330,11.4,9,24,0.5,0.18,0.12,0.12,18,4.17,1
100,18.6,0,3.4,77.7,0,1.5,19,0,19,0.03,0.17,3.1,0,0.75,205,144.1,138,37,2,0.04,2.83,0.05,242,33.06,1
99,17.9,0.1,3,77.9,0,1.1,0,0,0,0.04,0.04,2.3,0,1.19,228,103,78,28,0.9,0.05,0.94,0.04,188,55.2,1
96,25.1,1.4,3.2,78.8,0,1.2,41,0,41,0.31,1.14,8,13,0.34,217,134.2,12,22,6.1,0.16,2.56,0.58,215,111.77,1
96,16.2,2.5,2.4,77.7,0,1.2,0,0,0,0.05,0.14,1.1,0,1.43,139,146.2,12,8,7.8,0.05,1.81,0.19,172,9.33,1
96,17.9,1.7,2,76.6,0,1.8,14,0,14,0.1,0.33,6.2,0,0.79,282,74.8,299,28,2.9,0.47,2.76,0.09,302,35.3,1
95,18.4,0.7,2.1,77.7,0,1.1,125,0,125,0.01,0.04,3,0,1.54,317,40.1,31,22,0.9,0.02,0.83,0.04,176,48.1,1
90,20.8,0,0.7,81.1,0,1.1,27,0,27,0.01,0.11,3.6,0,0.79,277,130,22,20,0.6,0.03,0.52,0.05,159,29.4,1
88,19.8,0,1.1,78,0,1.3,0,0,0,0.01,0.03,2,0,0.26,136,91.5,184,30,1.4,0.07,0.16,0.02,183,48.95,1
84,25.1,0.1,3.9,83.1,0,0.7,10,0,10,0.04,0.18,1.8,0,0.45,210,81.4,6,10,5.3,0.04,1.21,0.08,165,10.77,1
84,17.4,0,1.6,80.4,0,1.1,35,0,35,0.02,0.06,1.6,1.68,1.68,290,110,44,42,0.9,0.08,2.38,0.45,19,38.18,1
84,25.1,0,1.6,80.4,0,1.1,35,0,35,0.02,0.06,1.6,1.68,1.68,290,110,44,42,0.9,0.08,2.38,0.45,19,38.18,1
79,25.1,17.1,0.2,78.6,1,0.9,0,160,27,0.06,0.05,0.7,6,0.45,378,33.1,36,23,1,0.3,0.49,0.37,55,1.45,1
76,2,16.5,0.2,79.8,0.7,0.8,0,30,5,0.08,0.04,1.1,27,0.34,342,2.7,8,23,0.8,0.14,0.37,0.12,40,0.78,1
72,2.5,9.3,2.7,84.7,0,0.8,26,0,26,0.03,0.15,0.2,1,0.12,150,39.8,118,12,0.4,0.02,0.53,0.03,85,1.71,1
65,1.3,7.4,3.4,87.6,0,0.3,11,0,11,0.01,0.05,0.2,5,0,0,0,30,32,0.1,0,0.28,0.03,13,0,1
63,10.3,2.1,1.5,84.1,0,2,4,0,4,0.08,0.46,1.9,0,2.3,125,0,38,70,1.8,0.23,6.3,0.25,114,113.5,1
60,3.9,8.8,1,81.8,2.1,2.4,0,2640,440,0.1,0.73,2.2,118,0,497,5.8,713,61,9.7,0.44,2.01,0,78,8.53,1
59,1.5,13,0.1,81.3,3,1.1,0,30,5,0.03,0.02,0.1,2,1.82,212,5.5,67,17,0.1,0.17,1.42,0.01,18,0.67,1
56,8.9,0.8,1.9,86.6,0,1.8,0,0,0,0.01,0.01,1.7,2.26,2,109,577.7,111,66,6.5,0.14,1.64,0.03,97,28.1,1
56,1.9,11.6,0.2,84.8,0.8,0.7,0,20,7,0.05,0.02,0.3,5,0.24,213,18.6,16,20,0.3,0.12,0.27,0.24,34,0.55,1
51,3.2,8.6,0.4,65.3,1.8,20.7,0,0,0,0.03,0.06,0.8,0,0,170,6060.6,257,77,7.5,0.52,0.65,0.11,44,1.8,1
50,4.1,2.7,2.5,90,0,0.7,0,0,0,0.02,0.09,0.2,2,0,107,28.8,77,6,0.7,0,0.62,0.02,81,2.06,1
49,0.8,11.1,0.2,83.1,4,0.8,0,130,22,0.01,0.01,0.7,3,0,23,0,49,10,0.2,0.48,0.25,0,18,0.35,1
46,1.1,9.9,0.2,88,0.3,0.5,0,210,35,0.02,0.02,0.6,10,2.22,232,8,11,12,0.4,0.07,0.23,0.1,27,0.21,1
44,5.6,2.9,1.1,87.8,1.6,1,0,0,0,0.08,0.32,1.3,58,2.99,170,29.8,36,74,2.4,2.5,0.21,0.21,32,0.35,1
43,0.5,9.9,0.2,88.7,0.4,0.3,0,50,8,0.04,0.02,0.2,25,0.7,104,1.3,5,8,0.4,0.06,0.18,0.09,13,0.2,1
43,1.4,8.9,0.2,87.4,1.3,0.8,0,4010,668,0.04,0.04,0.2,16,0,193,25.1,32,7,0.5,0.07,0.22,0.03,16,2.8,1
41,0.5,9.5,0.1,88.4,1.3,0.2,0,200,33,0.04,0.02,0.2,18,0,113,0.8,12,8,0.6,1.04,0.14,0.07,9,0.24,1
29,2.9,3.6,0.3,90.3,2.3,0.6,0,250,42,0.07,0.09,1.4,19,4.39,112,2.2,27,31,0.5,0.37,0.54,0.14,63,0.74,1
28,2,4.2,0.4,91.3,1.5,0.6,0,210,35,0.04,0.07,0.4,6,1.24,123,8.6,42,27,1.5,0.18,0.23,0.11,51,0.43,1
22,1.5,3.6,0.2,93.2,1,0.5,0,70,12,0.03,0.03,0.4,40,0.5,124,27.2,49,12,0.6,0.18,0.25,0.04,26,0.96,1
22,0.7,4.5,0.1,93.5,0.8,0.4,0,890,148,0.03,0.04,0.4,8,0.36,145,0.8,16,8,0.4,0.08,0.14,0.03,24,0.46,1
21,1.7,3.1,0.2,93.6,0.6,0.8,0,250,42,0.06,0.07,0.8,47,0.92,130,89.3,69,12,0.5,0.21,0.21,0.03,30,0.33,1
21,1.9,2.7,0.3,93,1.2,0.9,0,1510,252,0.04,0.09,0.6,18,0.92,220,161.3,73,20,2.5,0.28,0.35,0.06,36,0.6,1
20,1.9,2.3,0.3,92.5,2.32,0.7,0,10,2,0,0.16,3.1,4,0.79,258,3.8,5,14,1,0.07,0.61,0.08,86,1.07,1
19,2.2,1.9,0.3,91.7,3.3,0.6,0,0,0,0,0.08,2,1,0,20,1.4,2,11,0.3,0.25,0.66,0.12,53,2.58,1
16,1.2,1.7,0.5,14.5,80.9,1.2,0,0,0,0,0.12,0.4,0,0,58,1,2,8,9.4,1.39,0.44,0.23,32,4.55,1
15,1.5,1.6,0.3,94.5,1.1,1,0,1680,280,0.02,0.09,0.7,28,0.7,178,73.5,90,18,1.9,0.27,0.51,0.08,36,1.17,1
14,0.7,2.7,0.1,95.3,0.8,0.4,0,40,7,0.02,0.01,0.4,11,0,87,0.6,16,7,0.4,0.08,0.14,0.04,15,0.49,1
358,9,73.5,3.1,11.6,1.6,1.2,0,100,17,0.33,0.1,1.5,0,3.63,284,4.3,41,107,5.1,0.89,1.87,0.54,229,4.74,0
409,44.6,18.6,17.4,16.5,0.2,2.7,0,0,0,0.31,0.11,1.5,0,20.63,536,9.4,116,111,30.8,3.51,3.81,1.86,318,0.48,0
352,12,76.1,0,0,10.2,1.7,0,0,0,0.48,0.14,0,0,1.91,0,107.4,0,0,5.9,3.49,3.51,0.34,436,4.05,0
324,9.3,66.5,2.3,13,6.5,2.4,0,20,3,0.28,0.16,2.2,0,4.4,401,4.7,47,258,6.2,2.04,3.62,0.56,297,2.45,0
316,21.6,55.6,0.8,12.3,6.4,3.3,0,130,22,0.25,0.11,2,0,10.95,787,3.2,81,125,6.5,1.11,2.18,1.08,337,4.28,0
242,6,47.1,3.3,19.2,15.9,8.5,0,0,0,0.09,0.51,9.2,1,1.61,132,20.5,234,256,78,3.47,2.42,0.77,88,11.08,0
208,6.8,36.5,3.9,9.6,31.1,12.1,0,700,117,0,0.4,0,0,4.69,135,17.5,0,0,4.3,5.15,1.64,2.08,22,0,0
199,19.4,27.2,1.4,40.3,7.7,4,0,1840,307,0.05,0.21,3.1,10,4.92,610,59.2,301,85,8.1,0.1,3.99,0.37,216,4.22,0
192,16.5,3.3,12.5,64.3,0.9,2.5,0,60,10,0.02,0.03,0.4,0,17.8,42,373.8,319,61,5.3,1.12,1.74,0.27,180,7.02,0
180,12.6,3.1,13,70.3,0,1,261,0,261,0.17,0.35,0.2,0,4.98,135,106,62,13,2.9,0.04,1.67,0.11,226,15.68,0
169,13.4,27,0.8,17.3,38.6,2.9,0,0,0,0.17,0.38,9.7,5,0,134,10.6,40,12,2.6,1.55,0.94,0.41,180,2.25,0
162,3.2,37.1,0.1,56.7,1.7,1.2,0,0,0,0.02,0.04,0.7,18,0,510,6.7,11,0,1,0.35,0.5,0.24,61,0.2,0
158,11.7,11.2,7.4,57.5,0,12.2,0,0,0,0.02,0.02,0,0,8.99,282,7410,62,111,22.5,2.01,3.06,0.32,320,1.51,0
140,23.5,11.4,0.01,63.5,0.9,0.6,0,0,0,0.1,0.07,1.1,0,0.65,69,15,76,26,4.2,0.86,1.76,0.5,133,1,0
140,16.2,10.7,3.6,65,0.8,3.5,0,0,0,0.03,0.07,0.3,0,0,140,76.5,308,102,4.9,1.31,1.76,0.77,273,0,0
134,17.9,7.4,3.6,69.7,0,1.4,20972,0,20972,0.21,1.75,22.1,0,29.93,241,123,8,14,7.5,0.26,3.45,4.51,299,17.68,0
130,11.6,3.1,7.9,66.4,0.8,10.2,0,120,20,0.02,0.09,0.6,0,9.18,96,2016.3,75,90,6.9,0.99,0.96,0.16,126,0,0
102,19.7,0.9,2.2,76.2,0,1,212,0,212,0.11,0.1,5.8,0,0.42,284,45.1,12,15,2,0.04,1.3,0.12,165,10.93,0
93,20.5,0,1.2,79.4,0,1,7,0,7,0.26,0.28,9,0,0.55,280,11.8,127,20,1.5,0.04,1.15,0.05,200,16.1,0
90,15,4,1.5,78.6,0,0.9,0,0,0,0.01,0.07,4.2,0,1.98,126,60.2,6,24,4.1,0.01,1.17,0.27,86,12.62,0
81,8.1,3.8,3.7,82.8,0.4,1.2,0,0,0,0.04,0.03,0.2,0,2.17,125,7.2,164,27,1.9,0.47,1.11,0.27,119,0.02,0
52,0.2,12.3,0.2,85.9,1.2,0.2,0,20,3,0.06,0.02,0.2,4,2.12,119,1.6,4,4,0.3,0.03,0.19,0.06,12,0.12,0
51,0.7,11.5,0.2,86.9,0.4,0.3,0,890,148,0.08,0.04,0.4,28,0.92,154,1.04,35,11,0.2,0.14,0.08,0.04,18,0.3,0
47,0.8,10.5,0.2,87.4,0.6,0.5,0,160,27,0.05,0.04,0.3,33,0.56,159,1.2,20,14,0.4,0.05,0.14,0.03,22,0.31,0
44,5.6,2.9,1.1,87.8,1.6,1,0,0,0,0.08,0.32,1.3,58,2.99,170,29.8,36,74,2.4,2.5,0.21,0.21,32,0.35,0
39,0.8,8.5,0.2,89.3,0.8,0.4,0,700,117,0.01,0.03,0.3,8,0.24,122,4,17,10,1.1,0.34,0.21,0.06,8,0.72,0
38,25.1,9,0.1,86.6,3.4,0.6,0,50,8,0,0.01,0.5,62,0,15,0,6,8,0.2,0.95,0.1,0,9,1.13,0
32,0.4,7.3,0.1,90,2,0.2,0,0,0,0.01,0.04,0.1,1,0,97,3.9,11,5,0,0,0,0.06,12,0.7,0
32,0.6,7,0.2,90.6,1.3,0.3,0,8050,1342,0.01,0.04,0.3,23,1.21,138,2.8,0,14,0.2,0.2,0.09,0.06,11,1.44,0
30,1,6,0.2,91.3,1.1,0.4,0,30,5,0.02,0.03,0.3,47,0.71,131,4.2,18,12,1.8,0.49,0.14,0.04,27,0.7,0
26,2.4,3.3,0.4,90.2,2.7,1,0,30,5,0.15,0.19,4.1,0,1.14,195,4.3,0,17,1.4,0.1,0.39,0.14,97,0.28,0
24,2.6,1.8,0.3,91.2,1.7,1.4,0,2920,487,0.04,0.11,0.6,32,1.74,311,85.2,66,58,29,0.66,0.85,0.1,47,0.97,0
23,1.2,4,0.2,92.2,1.9,0.5,0,30,5,0.02,0.03,0.5,5,0.99,209,5.8,4,8,0.4,0.31,0.33,0.06,36,0.45,0
23,1.8,2.7,0.5,92.9,1.1,1,0,620,103,0.04,0.11,0.7,36,0.88,210,55.8,108,22,1.2,0.23,0.33,0.06,39,0.79,0
21,1.1,3.6,0.2,93.4,1.3,0.4,0,50,8,0.02,0.04,0.6,5,1.13,142,5.4,24,13,0.5,0.13,0.23,0.1,2,0.48,0
20,2.7,2,0.1,92.4,2.1,0.7,0,10,2,0.08,0.35,4,2,0.56,312,8.3,6,11,1.2,0.11,0.92,0.49,94,0.55,0
20,0.8,4,0.1,93.9,0.6,0.6,0,20,3,0.02,0.06,0.6,18,1,178,60,56,11,0.3,0.09,0.13,0.03,34,0,0
20,1,3.6,0.2,94.3,0.6,0.3,0,90,15,0.02,0.04,0.4,5,0.22,115,2.6,14,11,0.4,0.06,0.21,0.06,29,0.86,0
19,25.1,1.8,0.2,92.8,1.8,0.8,0,0,0,0.08,0.08,0.6,5,0.05,389,0.4,9,1,0.5,1.14,0.33,0.09,64,0.04,0
19,2.8,1,0.4,93.2,1.6,1,0,3450,575,0.02,0.09,1,76,0.96,104,50.5,128,18,2,0.33,1.3,0.11,50,0.88,0
18,1.4,3,0.1,93,1.9,0.6,0,100,17,0.04,0.05,0.7,45,0,213,3.1,10,10,1.4,0.43,0.41,0.07,42,0.21,0
16,1.2,2.6,0.1,94.3,1.2,0.6,0,20,3,0.01,0.1,0.1,8,0,76,1,17,10,0.1,0.03,0.08,0.02,18,1.45,0
15,0.8,2.4,0.2,95.8,0.5,0.3,0,90,15,0.02,0.03,0.2,9,0.46,102,4.9,24,15,0.5,0.06,0.18,0.05,24,0.38,0
14,0.8,2.5,0.1,94.2,1.4,1,0,60,10,0.01,0.08,0.4,12,2.21,154,73.8,48,10,0.8,0.17,0.46,0.09,103,0,0
14,1,2.2,0.1,95.5,0.6,0.6,0,150,25,0.02,0.02,0.5,4,0.19,212,36.5,23,19,0.9,0.19,0.33,0.07,48,0.54,0
13,1.8,0,0.7,96.4,1.1,0.2,0,90,15,0.02,0.02,0.1,0,0.8,48,3,10,9,0.5,0.09,0.24,0.07,30,0.14,0
13,1.3,1.3,0.3,95.8,0.7,0.6,0,1790,298,0.03,0.06,0.4,13,1.02,170,32.8,34,18,0.9,0.13,0.27,0.03,27,1.15,0
12,0.5,2.4,0,96.1,0.7,0.3,0,100,17,0.04,0.02,0,5,0.29,96,0,14,7,0.6,0.05,0.09,0.03,27,0,0
11,0.4,1.9,0.2,96.6,0.7,0.2,0,80,13,0.01,0.01,0.3,18,0.08,78,1.8,19,8,0.2,0.03,0.07,0.07,12,0.22,0
10,1.9,0,0.8,97.8,0,0.6,0,0,6,0.04,0.02,0.4,0,10.46,107,2.8,18,28,0.9,0.25,0.49,0.26,5,2.26,0
131,25.1,0,9.8,78,0,1.6,0,0,0,0.11,0.19,2.8,0,0.96,259,130.7,30,10,1.9,0.03,0.99,0.32,294,12.65,0
314,5.4,72.9,0.1,15.6,0,6,0,0,0,0.06,0.2,3.3,0,14.84,141,380.8,167,15,2,0.04,1.94,0.12,209,15.19,0
250,1.8,60.2,0.2,33.8,2.6,1.4,0,290,48,0.01,0,0.5,0,0.63,339,6.4,54,21,2.7,0.31,0.23,0.14,55,0.83,0
246,22.8,36.8,0.8,10.5,21.9,7.2,0,0,0,0.23,0,0,0,21.7,108,103.3,975,132,99.3,3.51,1.67,0.72,66,7.45,0
207,25.1,22.5,1.1,12.7,21.6,15.4,0,1370,228,0.27,1.02,7.3,2,1.82,1796,710.5,264,105,54.9,4.32,2.47,1.68,350,7.22,0
205,12.1,35.7,1.5,15.5,29.9,5.3,0,100,17,0.01,0.44,2.5,0,11.34,757,48.5,247,152,97.4,8.86,3.18,0.32,292,3.72,0
171,14.2,4.5,10.7,68.4,0,2.2,215,0,215,0.06,0.18,0.1,0,3.05,152,542.7,63,13,3.3,0.06,1.48,0.12,165,25.24,0
128,23.2,0.8,3.6,71.3,0,1.1,0,0,0,0,0,0,0,0,0,0,0,0,0,0,0,0,0,0,0
122,20.1,0.1,4.6,74.1,0,1.1,28,0,28,0.06,0.25,2.2,0,1.42,526,115.8,5,41,5.1,0.03,12.26,0.15,367,3.73,0
112,19.8,5.4,1.2,72.6,0,1,0,0,0,0.05,0.08,0,0,0.12,351,70.1,2,19,3.9,0.12,3.73,0.14,116,0,0
91,1.4,20.8,0.2,75.8,1.2,0.6,0,60,10,0.02,0.04,0.7,8,0.24,256,0.8,7,43,0.4,0.65,0.18,0.14,28,0.87,0
90,14.4,5.9,1,77.7,0,1,32,0,32,0.12,0.34,9.1,0,0.53,189,85.8,57,16,1.5,0.04,2.55,0.06,92,0,0
85,19.5,0,1.2,78.7,0,1.6,26,0,26,0.02,0.14,2.5,0,0.97,313,48.8,152,33,0.7,0.06,0.8,0.05,232,24.57,0
71,0.4,17.1,0.1,80.6,1.4,0.4,0,120,20,0.02,0.02,0.3,30,1.12,151,0.8,9,19,0.2,0.5,0.08,0.06,23,0.24,0
70,1.9,15.2,0.2,80.5,1.2,1,0,20,2,0,0.03,0.3,44,0.73,243,44.2,39,19,1.4,1.3,0.23,0.11,58,0.39,0
63,5.6,9.9,0.1,67.3,0.2,16.9,0,0,0,0.05,0.13,1.7,0,0,337,5757,66,156,8.6,1.11,1.17,0.06,204,1.39,0
60,11,3.6,0.2,82,0,3.2,0,0,0,0.02,0.19,2.2,0.75,0.62,98,26,0,77,19.7,1.26,2.71,0.8,93,16.73,0
59,7.5,6,0.6,83.3,0,2.6,0,0,0,0,0.28,2,0.43,0.43,75,252.6,156,178,1.4,1.05,10.27,1.52,98,16.95,0
59,1.2,13.1,0.2,83.6,1.1,0.8,0,20,3,0.02,0.02,0.7,7,0.65,306,15.7,4,12,0.6,0.11,0.34,0.07,44,0.7,0
56,0.8,11.9,0.6,83.4,2.6,0.7,0,130,22,0.05,0.02,0.3,62,2.43,144,10,27,12,1.2,0.73,0.57,1.87,26,0.28,0
52,25.1,1.4,0.4,86.4,0,1.2,7,0,7,0.07,0.13,1.4,0.16,0.16,157,288.1,22,42,1.4,0.4,5.18,9,106,41.86,0
49,1.7,9.7,0.4,82.8,4.1,1.3,0,30,5,0.02,0.06,0,0,9.87,32,2,37,0,0.4,0.28,0.26,0.07,33,5.65,0
47,7,1.7,1.4,88.5,0,1.4,37,0,37,0.08,0.13,1.4,0.38,0.38,25,18.4,39,10,11.4,0.18,1.82,0.47,127,29.79,0
44,4.5,3,1.6,88.8,1.5,0.6,0,30,5,0.04,0.07,0.6,8,0.8,160,7.2,21,21,0.9,0.34,0.54,0.14,74,0.96,0
41,25.1,9.1,0.2,89,0.4,0.5,0,10,2,0,0.03,0.3,23,0,119,3,4,4,0.3,0.08,0.4,0.18,24,0.7,0
37,3.3,1.4,2,91.7,0.8,0.8,0,10,2,0.02,0.03,0.7,0,0.01,90,0,25,13,0.3,0.11,1.77,0.13,0,0.76,0
36,25.1,3.3,0.4,85.2,4.3,2,0,730,122,0.04,0.12,0.9,11,0.54,134,0.7,62,47,7.9,0.78,3.27,0.24,104,0.36,0
35,2.8,4.6,0.6,85.3,5.4,1.3,0,540,90,0.09,0.11,0.6,19,2.93,180,8.7,66,37,9.4,2.31,0.86,0.17,41,0.5,0
31,5.8,1.1,0.4,91,0,1.7,19,0,19,0.01,0.1,0.5,0.86,0.43,109,317.3,138,63,2.9,0.12,1.35,0.09,103,24.64,0
29,0.6,6.2,0.2,91.4,1.2,0.4,0,20,3,0.02,0.03,0.7,7,0,128,1.4,4,10,0.4,0.36,0.39,0.04,18,0.83,0
26,0.4,5.8,0.1,92.9,0.4,0.4,0,30,5,0.02,0.03,0.3,15,0.47,139,8.8,14,11,0.7,0.04,0.09,0.04,17,0.4,0
25,0.6,5.5,0.1,93.3,0.3,0.2,0,450,75,0.02,0.03,0.2,6,0.1,87,3.2,8,8,0.3,0.05,0.1,0.05,9,0.17,0
23,2.7,2.7,0.2,92.3,1.6,0.5,0,0,0,0.08,0.34,8,0,0.4,179,73,17,21,1.3,0.09,0.6,0.4,33,0.02,0
20,2.2,2.2,0.3,92.9,1.4,1,0,1520,253,0.03,0.08,0.8,25,1.09,243,94.3,99,29,2.3,0.67,0.39,0.1,38,1.2,0
19,1,3.5,0.1,93.4,1.4,0.6,0,100,17,0.03,0.03,0.4,56,0.85,256,2.5,14,18,0.7,0.16,0.36,0.06,35,0.36,0
18,0.6,3.5,0.2,95,0.4,0.3,0,20,3,0.02,0.01,0.2,12,0.03,136,1.6,20,15,0.5,0.03,0.1,0.03,14,0.63,0
17,1.2,1.6,0.1,94.4,0.5,2.2,0,0,0,0.02,0.15,1.3,0,1.85,246,8.6,46,25,0.9,0.07,0.16,0,22,9.54,0
0,0,0,0,0.1,0,99.9,0,0,0,0,0,0,0,0,14,25127.2,22,2,1,0.29,0.24,0.14,0,1,0
191,25.1,0,18.7,74.8,0,0.8,7,0,7,0.06,0.11,1.9,0,0.5,44,116.3,10,8,1,0.07,0.98,0.06,56,16.95,0
73,5.3,8.2,2.1,82,0,2.4,27,0,27,0.01,0.13,1.4,0.81,0.81,200,462.1,131,65,7.1,0.85,9.39,8.13,115,86.64,0
